{
  "main": {
    "id": "0b21d104bef9fe08",
    "type": "split",
    "children": [
      {
        "id": "6000077a154680bf",
        "type": "tabs",
        "children": [
          {
            "id": "2ebfb8863ef02a37",
            "type": "leaf",
            "state": {
              "type": "empty",
              "state": {}
            }
          }
        ]
      }
    ],
    "direction": "vertical"
  },
  "left": {
    "id": "4da82a4b9aa5a5b7",
    "type": "split",
    "children": [
      {
        "id": "b42586bde87cbfb3",
        "type": "tabs",
        "children": [
          {
            "id": "6ff19b9f33c6d328",
            "type": "leaf",
            "state": {
              "type": "file-explorer",
              "state": {
                "sortOrder": "alphabetical"
              }
            }
          },
          {
            "id": "7bb3266e78b2767b",
            "type": "leaf",
            "state": {
              "type": "search",
              "state": {
                "query": "",
                "matchingCase": false,
                "explainSearch": false,
                "collapseAll": false,
                "extraContext": false,
                "sortOrder": "alphabetical"
              }
            }
          },
          {
            "id": "4a911f6dead0dc15",
            "type": "leaf",
            "state": {
              "type": "bookmarks",
              "state": {}
            }
          },
          {
            "id": "0d716d9d8ace1dea",
            "type": "leaf",
            "state": {
              "type": "all-properties",
              "state": {
                "sortOrder": "frequency",
                "showSearch": false,
                "searchQuery": ""
              }
            }
          }
        ]
      }
    ],
    "direction": "horizontal",
    "width": 300
  },
  "right": {
    "id": "41bd3cab17eae885",
    "type": "split",
    "children": [
      {
        "id": "82d5925aea562587",
        "type": "tabs",
        "dimension": 62.5,
        "children": [
          {
            "id": "aba0d2997efb9b52",
            "type": "leaf",
            "state": {
              "type": "backlink",
              "state": {
                "collapseAll": false,
                "extraContext": false,
                "sortOrder": "alphabetical",
                "showSearch": false,
                "searchQuery": "",
                "backlinkCollapsed": false,
                "unlinkedCollapsed": true
              }
            }
          },
          {
            "id": "2afc6dbbef6d23cd",
            "type": "leaf",
            "state": {
              "type": "outgoing-link",
              "state": {
                "linksCollapsed": false,
                "unlinkedCollapsed": true
              }
            }
          },
          {
            "id": "e33dc06fb3d47421",
            "type": "leaf",
            "state": {
              "type": "outline",
              "state": {}
            }
          },
          {
            "id": "230cc983d5f014bc",
            "type": "leaf",
            "state": {
              "type": "file-properties",
              "state": {}
            }
          }
        ],
        "currentTab": 3
      },
      {
        "id": "e4027fa3a9c4faba",
        "type": "tabs",
        "dimension": 37.5,
        "children": [
          {
            "id": "1fc2bb515d8e32f0",
            "type": "leaf",
            "state": {
              "type": "persian-calendar",
              "state": {}
            }
          }
        ]
      }
    ],
    "direction": "horizontal",
    "width": 387.5
  },
  "left-ribbon": {
    "hiddenItems": {
      "switcher:Open quick switcher": false,
      "graph:Open graph view": false,
      "canvas:Create new canvas": true,
      "daily-notes:Open today's daily note": true,
      "templates:Insert template": false,
      "command-palette:Open command palette": true,
      "persian-calendar:روزنوشت امروز": false,
      "templater-obsidian:Templater": false
    }
  },
  "active": "2ebfb8863ef02a37",
  "lastOpenFiles": [
    "journal/1403/1403.md",
    "journal/1403/monthly/1403-05.md",
    "journal/1403/daily/2024-07-15.md",
    "راهنما.md",
    "journal/1403/daily/2024-07-13.md",
    "journal/1403/weekly/1403-W18.md",
    "template/📅 new week.md",
    "template/🌞 new day.md",
    "template/🌑 new month.md",
    "template/🌏 new year.md",
    "journal/1403/monthly/1403-04.md",
    "journal/1403/daily/2024-07-16.md",
    "journal/1403/daily/2024-07-17.md",
    "journal/1403/weekly/1403-W17.md",
    "journal/1403/daily/2024-07-19.md",
    "journal/1403/daily/2024-07-18.md",
    "journal/1403/daily/2024-07-14.md",
    "journal/1403/daily/2024-07-28.md",
    "journal/1403/daily/2024-07-12.md",
    "journal/1403/daily/2024-07-10.md",
    "journal/1403/daily/2024-07-11.md",
    "دیتا ویو نوار پیشرفت/تسک 3 و4.md",
    "zzz/تسک دوم.md",
    "دیتا ویو نوار پیشرفت/منابع.md",
    "دیتا ویو نوار پیشرفت/استخراج نهایی.md",
    "دیتا ویو نوار پیشرفت/تسک 1و2.md",
    "zzz",
    "دیتا ویو نوار پیشرفت",
    "Attachments/font/Sahel-VF.ttf",
    "Attachments/font/Sahel-SemiBold.ttf",
    "Attachments/font/Sahel-Light.ttf",
    "Attachments/font/Sahel-Bold.ttf",
    "Attachments/font/Sahel-Black.ttf",
    "Attachments/font/Sahel.ttf",
    "Attachments/font",
    "Attachments/New folder"
  ]
}