{
  "main": {
    "id": "0b21d104bef9fe08",
    "type": "split",
    "children": [
      {
        "id": "47514fa360d51ad9",
        "type": "tabs",
        "children": [
          {
            "id": "231efae6b5cc2b4b",
            "type": "leaf",
            "state": {
              "type": "empty",
              "state": {}
            }
          }
        ]
      }
    ],
    "direction": "vertical"
  },
  "left": {
    "id": "4da82a4b9aa5a5b7",
    "type": "split",
    "children": [
      {
        "id": "b42586bde87cbfb3",
        "type": "tabs",
        "children": [
          {
            "id": "6ff19b9f33c6d328",
            "type": "leaf",
            "state": {
              "type": "file-explorer",
              "state": {
                "sortOrder": "alphabetical"
              }
            }
          },
          {
            "id": "7bb3266e78b2767b",
            "type": "leaf",
            "state": {
              "type": "search",
              "state": {
                "query": "",
                "matchingCase": false,
                "explainSearch": false,
                "collapseAll": false,
                "extraContext": false,
                "sortOrder": "alphabetical"
              }
            }
          },
          {
            "id": "4a911f6dead0dc15",
            "type": "leaf",
            "state": {
              "type": "bookmarks",
              "state": {}
            }
          }
        ]
      }
    ],
    "direction": "horizontal",
    "width": 300
  },
  "right": {
    "id": "41bd3cab17eae885",
    "type": "split",
    "children": [
      {
        "id": "82d5925aea562587",
        "type": "tabs",
        "children": [
          {
            "id": "aba0d2997efb9b52",
            "type": "leaf",
            "state": {
              "type": "backlink",
              "state": {
                "collapseAll": false,
                "extraContext": false,
                "sortOrder": "alphabetical",
                "showSearch": false,
                "searchQuery": "",
                "backlinkCollapsed": false,
                "unlinkedCollapsed": true
              }
            }
          },
          {
            "id": "2afc6dbbef6d23cd",
            "type": "leaf",
            "state": {
              "type": "outgoing-link",
              "state": {
                "linksCollapsed": false,
                "unlinkedCollapsed": true
              }
            }
          },
          {
            "id": "2fb272cfcae8ff7d",
            "type": "leaf",
            "state": {
              "type": "tag",
              "state": {
                "sortOrder": "frequency",
                "useHierarchy": true
              }
            }
          },
          {
            "id": "e33dc06fb3d47421",
            "type": "leaf",
            "state": {
              "type": "outline",
              "state": {}
            }
          }
        ],
        "currentTab": 3
      },
      {
        "id": "e4027fa3a9c4faba",
        "type": "tabs",
        "children": [
          {
            "id": "1fc2bb515d8e32f0",
            "type": "leaf",
            "state": {
              "type": "persian-calendar",
              "state": {}
            }
          }
        ]
      }
    ],
    "direction": "horizontal",
    "width": 300
  },
  "left-ribbon": {
    "hiddenItems": {
      "switcher:Open quick switcher": false,
      "graph:Open graph view": false,
      "canvas:Create new canvas": false,
      "daily-notes:Open today's daily note": false,
      "templates:Insert template": false,
      "command-palette:Open command palette": false,
      "persian-calendar:روزنوشت امروز": false,
      "templater-obsidian:Templater": false
    }
  },
  "active": "e33dc06fb3d47421",
  "lastOpenFiles": [
    "journal/1403/weekly/1403-W2.md",
    "journal/1403/daily/2024-03-25.md",
    "journal/1403/daily/2024-03-27.md",
    "journal/1403/daily/2024-03-26.md",
    "journal/1403/daily/2024-03-23.md",
    "journal/1403/daily/2024-03-29.md",
    "journal/1403/monthly/1403-01.md",
    "journal/1403/1403.md",
    "template/🌏 new year.md",
    "journal/1403/daily/2024-03-20.md",
    "journal/1403/daily/2024-03-21.md",
    "journal/1403/daily/2024-03-22.md",
    "journal/1403/daily/2024-03-28.md",
    "journal/1403/daily/2024-03-24.md",
    "journal/1403/monthly/1403-03.md",
    "journal/1403/daily/2024-05-23.md",
    "journal/1403/daily/2024-05-24.md",
    "journal/1403/daily/2024-05-22.md",
    "journal/1403/daily/2024-05-21.md",
    "journal/1403/weekly/1403-W10.md",
    "template/📅 new week.md",
    "template/🌞 new day.md",
    "template/🌑 new month.md",
    "template",
    "journal/1403/weekly",
    "journal/1403/New folder",
    "journal/1403/monthly",
    "journal/1403/daily",
    "journal/1403",
    "journal/New folder",
    "journal",
    "New folder",
    "File/template/📅 new week.md",
    "File/template/🌞 new day.md",
    "File/template/🌑 new month.md",
    "File/template"
  ]
}